{
	"credit": "Made with Blockbench",
	"texture_size": [32, 32],
	"textures": {
		"0": "block/grass13",
		"particle": "block/grass13"
	},	
	"elements": [
		{
			"from": [0, 2, 0],
			"to": [16, 2, 16],
			"faces": {
				"north": {"uv": [0, 0, 16, 0], "texture": "#missing", "tintindex": 0 },
				"east": {"uv": [0, 0, 16, 0], "texture": "#missing", "tintindex": 0 },
				"south": {"uv": [0, 0, 16, 0], "texture": "#missing", "tintindex": 0 },
				"west": {"uv": [0, 0, 16, 0], "texture": "#missing", "tintindex": 0 },
				"up": {"uv": [0, 8, 8, 16], "texture": "#0", "tintindex": 0 },
				"down": {"uv": [0, 8, 8, 16], "texture": "#0", "tintindex": 0 }
			}
		},
		{
			"from": [0, 3, 0],
			"to": [16, 3, 16],
			"faces": {
				"north": {"uv": [0, 0, 16, 0], "texture": "#missing", "tintindex": 0 },
				"east": {"uv": [0, 0, 16, 0], "texture": "#missing", "tintindex": 0 },
				"south": {"uv": [0, 0, 16, 0], "texture": "#missing", "tintindex": 0 },
				"west": {"uv": [0, 0, 16, 0], "texture": "#missing", "tintindex": 0 },
				"up": {"uv": [8, 0, 16, 8], "texture": "#0", "tintindex": 0 },
				"down": {"uv": [8, 0, 16, 8], "texture": "#0", "tintindex": 0 }
			}
		},
		{
			"from": [0, 4, 0],
			"to": [16, 4, 16],
			"faces": {
				"north": {"uv": [0, 0, 16, 0], "texture": "#missing", "tintindex": 0 },
				"east": {"uv": [0, 0, 16, 0], "texture": "#missing", "tintindex": 0 },
				"south": {"uv": [0, 0, 16, 0], "texture": "#missing", "tintindex": 0 },
				"west": {"uv": [0, 0, 16, 0], "texture": "#missing", "tintindex": 0 },
				"up": {"uv": [0, 0, 8, 8], "texture": "#0", "tintindex": 0 },
				"down": {"uv": [0, 0, 8, 8], "texture": "#0", "tintindex": 0 }
			}
		}
	]
}