{
	"credit": "Made with Blockbench",
	"parent": "minecraft:block/stem_growth6",
	"ambientocclusion": false,
	"textures": {
		"0": "block/pumpkin_stem_stage6",
		"3": "block/pumpkin_stem_stage6_side",
		"particle": "block/pumpkin_stem_stage6"
	},
	"elements": [
		{
			"from": [0, -1, 8],
			"to": [16, 15, 8],
			"rotation": {"angle": 45, "axis": "y", "origin": [8, 0, 8]},
			"faces": {
				"north": {"uv": [0, 8, 8, 16], "texture": "#0"},
				"east": {"uv": [0, 0, 0, 32], "texture": "#missing"},
				"south": {"uv": [8, 8, 0, 16], "texture": "#0"},
				"west": {"uv": [0, 0, 0, 32], "texture": "#missing"},
				"up": {"uv": [0, 0, 16, 0], "texture": "#missing"},
				"down": {"uv": [0, 0, 16, 0], "texture": "#missing"}
			}
		},
		{
			"from": [0, 15, 8],
			"to": [16, 31, 8],
			"rotation": {"angle": 45, "axis": "y", "origin": [8, 0, 8]},
			"faces": {
				"north": {"uv": [0, 0, 8, 8], "texture": "#0"},
				"east": {"uv": [0, 0, 0, 32], "texture": "#missing"},
				"south": {"uv": [8, 0, 0, 8], "texture": "#0"},
				"west": {"uv": [0, 0, 0, 32], "texture": "#missing"},
				"up": {"uv": [0, 0, 16, 0], "texture": "#missing"},
				"down": {"uv": [0, 0, 16, 0], "texture": "#missing"}
			}
		},
		{
			"from": [8, -3, 0],
			"to": [8, 13, 16],
			"rotation": {"angle": 45, "axis": "y", "origin": [8, 0, 8]},
			"faces": {
				"north": {"uv": [0, 0, 0, 32], "texture": "#0"},
				"east": {"uv": [0, 0, 16, 16], "texture": "#3"},
				"south": {"uv": [0, 0, 0, 32], "texture": "#0"},
				"west": {"uv": [16, 0, 0, 16], "texture": "#3"},
				"up": {"uv": [0, 0, 0, 32], "texture": "#missing"},
				"down": {"uv": [0, 0, 0, 32], "texture": "#missing"}
			}
		}
	]
}